184,Celebrities & Entertainment News,3,Arts & Entertainment
317,Anime & Manga,316,Comics & Animation
319,Cartoons,316,Comics & Animation
318,Comics,316,Comics & Animation
1108,Film & TV Awards,1116,Film & TV Industry
1117,Film & TV Production,1116,Film & TV Industry
1113,Music Awards,1115,Recording Industry
1114,Record Labels,1115,Recording Industry
188,"Bars, Clubs & Nightlife",569,Events & Listings
891,Concerts & Music Festivals,569,Events & Listings
614,Event Ticket Sales,569,Events & Listings
1531,Expos & Conventions,569,Events & Listings
1086,Film Festivals,569,Events & Listings
1530,Food & Beverage Events,569,Events & Listings
1273,Live Sporting Events,569,Events & Listings
1085,Movie Listings & Theater Showtimes,569,Events & Listings
447,Flash-Based Entertainment,539,Fun & Trivia
1174,Fun Tests & Silly Surveys,539,Fun & Trivia
895,Live Comedy,182,Humor
1180,Political Humor,182,Humor
1244,Spoofs & Satire,182,Humor
1101,Martial Arts Films,1097,Action & Adventure Films
1100,Superhero Films,1097,Action & Adventure Films
1099,Western Films,1097,Action & Adventure Films
1104,Animated Films,34,Movies
360,Bollywood & South Asian Film,34,Movies
1098,Silent Films,1102,Classic Films
1095,Comedy Films,34,Movies
1103,Cult & Indie Films,34,Movies
1145,DVD & Video Rentals,210,DVD & Video Shopping
1072,Documentary Films,34,Movies
1094,Drama Films,34,Movies
1291,Family Films,34,Movies
615,Horror Films,34,Movies
213,Movie Memorabilia,34,Movies
1107,Movie Reviews & Previews,1106,Movie Reference
1105,Musical Films,34,Movies
1310,Romance Films,34,Movies
616,Science Fiction & Fantasy Films,34,Movies
1096,"Thriller, Crime & Mystery Films",34,Movies
217,CD & Audio Shopping,35,Music & Audio
586,Classical Music,35,Music & Audio
587,Country Music,35,Music & Audio
588,Dance & Electronic Music,35,Music & Audio
1022,Experimental & Industrial Music,35,Music & Audio
1023,Folk & Traditional Music,35,Music & Audio
1040,Blues,589,Jazz & Blues
42,Jazz,589,Jazz & Blues
218,Music Art & Memorabilia,35,Music & Audio
1087,Music Education & Instruction,35,Music & Audio
1025,DJ Resources & Equipment,1024,Music Equipment & Technology
1026,Music Recording Technology,1024,Music Equipment & Technology
1327,Drums & Percussion,216,Musical Instruments
1325,Guitars,216,Musical Instruments
1326,Pianos & Keyboards,216,Musical Instruments
1091,Samples & Sound Libraries,1024,Music Equipment & Technology
1028,Music Composition & Theory,1027,Music Reference
892,Sheet Music,1027,Music Reference
617,Song Lyrics & Tabs,1027,Music Reference
220,Music Streams & Downloads,35,Music & Audio
1408,Music Videos,35,Music & Audio
1021,Pop Music,35,Music & Audio
809,Podcasting,215,Radio
1186,Talk Radio,215,Radio
585,Christian & Gospel Music,1020,Religious Music
1037,Classic Rock & Oldies,590,Rock Music
1035,Hard Rock & Progressive,590,Rock Music
1038,Indie & Alternative Music,590,Rock Music
1036,Metal (Music),590,Rock Music
1041,Punk (Music),590,Rock Music
893,Soundtracks,35,Music & Audio
1030,Rap & Hip-Hop,592,Urban & Hip-Hop
1242,Reggaeton,592,Urban & Hip-Hop
1039,Soul & R&B,592,Urban & Hip-Hop
618,Vocals & Show Tunes,35,Music & Audio
1208,African Music,593,World Music
1034,Arab & Middle Eastern Music,593,World Music
1033,East Asian Music,593,World Music
1287,Brazilian Music,591,Latin American Music
1285,Latin Pop,591,Latin American Music
1286,Salsa & Tropical Music,591,Latin American Music
1031,Reggae & Caribbean Music,593,World Music
1032,South Asian Music,593,World Music
538,Edgy & Bizarre,33,Offbeat
449,Occult & Paranormal,33,Offbeat
1222,Online Image Galleries,613,Online Media
575,Webcams & Virtual Tours,613,Online Media
894,Acting & Theater,23,Performing Arts
1243,Broadway & Musical Theater,23,Performing Arts
1591,Circus,23,Performing Arts
581,Dance,23,Performing Arts
1592,Magic,23,Performing Arts
1185,Opera,23,Performing Arts
1409,Web Series,211,Online Video
1055,TV Commercials,36,TV & Video
1187,TV Guides & Reference,36,TV & Video
359,TV Networks & Stations,36,TV & Video
1047,TV Comedies,358,TV Shows & Programs
1411,TV Documentary & Nonfiction,358,TV Shows & Programs
1111,TV Crime & Legal Shows,1193,TV Dramas
1194,TV Medical Shows,1193,TV Dramas
357,TV Soap Operas,1193,TV Dramas
1110,TV Family-Oriented Shows,358,TV Shows & Programs
1050,TV Game Shows,358,TV Shows & Programs
1049,TV Reality Shows,358,TV Shows & Programs
1112,TV Sci-Fi & Fantasy Shows,358,TV Shows & Programs
1410,TV Talent & Variety Shows,358,TV Shows & Programs
1048,TV Talk Shows,358,TV Shows & Programs
477,Architecture,24,Visual Art & Design
1361,Art & Craft Supplies,24,Visual Art & Design
1521,Art Museums & Galleries,24,Visual Art & Design
1195,Arts Education,24,Visual Art & Design
654,Graphic Design,653,Design
655,Industrial & Product Design,653,Design
656,Interior Design,653,Design
1167,Painting,24,Visual Art & Design
439,Photographic & Digital Arts,24,Visual Art & Design
1412,Sculpture,24,Visual Art & Design
1402,BMX Bikes,1191,Bicycles & Accessories
1398,Bike Accessories,1191,Bicycles & Accessories
1399,Bike Frames,1191,Bicycles & Accessories
1400,Bike Helmets & Protective Gear,1191,Bicycles & Accessories
1401,Bike Parts & Repair,1191,Bicycles & Accessories
1403,Cruiser Bikes,1191,Bicycles & Accessories
1407,Cycling Apparel,1191,Bicycles & Accessories
1404,Kid's Bikes,1191,Bicycles & Accessories
1405,Mountain Bikes,1191,Bicycles & Accessories
1406,Road Bikes,1191,Bicycles & Accessories
1140,Boats & Watercraft,47,Autos & Vehicles
1213,Campers & RVs,47,Autos & Vehicles
1013,Classic Vehicles,47,Autos & Vehicles
1215,Cargo Trucks & Trailers,1214,Commercial Vehicles
806,Custom & Performance Vehicles,47,Autos & Vehicles
1380,Electric & Plug-In Vehicles,810,Hybrid & Alternative Vehicles
1317,Microcars & City Cars,47,Autos & Vehicles
273,Motorcycles,47,Autos & Vehicles
148,Off-Road Vehicles,47,Autos & Vehicles
1147,Personal Aircraft,47,Autos & Vehicles
1212,Scooters & Mopeds,47,Autos & Vehicles
1057,SUVs,610,Trucks & SUVs
1056,Trucks,610,Trucks & SUVs
1058,Vans & Minivans,610,Trucks & SUVs
820,Acura,815,Vehicle Brands
821,Audi,815,Vehicle Brands
822,BMW,815,Vehicle Brands
1059,Bentley,815,Vehicle Brands
1060,Buick,815,Vehicle Brands
823,Cadillac,815,Vehicle Brands
826,Chevrolet,815,Vehicle Brands
833,Chrysler,815,Vehicle Brands
834,Citroën,815,Vehicle Brands
836,Dodge,815,Vehicle Brands
1061,Ferrari,815,Vehicle Brands
1413,Alfa Romeo,838,Fiat
840,Ford,815,Vehicle Brands
896,GM-Daewoo,815,Vehicle Brands
842,GMC,815,Vehicle Brands
843,Honda,815,Vehicle Brands
1062,Hummer,815,Vehicle Brands
845,Hyundai,815,Vehicle Brands
1378,Isuzu,815,Vehicle Brands
1063,Jaguar,815,Vehicle Brands
846,Jeep,815,Vehicle Brands
848,Kia,815,Vehicle Brands
1064,Lamborghini,815,Vehicle Brands
1065,Land Rover,815,Vehicle Brands
849,Lexus,815,Vehicle Brands
850,Lincoln,815,Vehicle Brands
1066,Maserati,815,Vehicle Brands
851,Mazda,815,Vehicle Brands
852,Mercedes-Benz,815,Vehicle Brands
853,Mercury,815,Vehicle Brands
1067,Mini,815,Vehicle Brands
854,Mitsubishi,815,Vehicle Brands
1377,Infiniti,855,Nissan
856,Peugeot,815,Vehicle Brands
857,Pontiac,815,Vehicle Brands
858,Porsche,815,Vehicle Brands
859,Renault-Samsung,815,Vehicle Brands
1068,Rolls-Royce,815,Vehicle Brands
1414,SEAT,815,Vehicle Brands
897,Saab,815,Vehicle Brands
860,Saturn,815,Vehicle Brands
861,Subaru,815,Vehicle Brands
1070,Suzuki,815,Vehicle Brands
1069,Scion,863,Toyota
898,Vauxhall-Opel,815,Vehicle Brands
865,Volkswagen,815,Vehicle Brands
867,Volvo,815,Vehicle Brands
968,Drunk Driving Law,1294,Vehicle Codes & Driving Laws
1416,Vehicle & Traffic Safety,1294,Vehicle Codes & Driving Laws
1415,Driving Instruction & Driver Education,170,Vehicle Licensing & Registration
138,Vehicle Maintenance,47,Autos & Vehicles
1217,Auto Exterior,89,Vehicle Parts & Accessories
1218,Auto Interior,89,Vehicle Parts & Accessories
1216,Engine & Transmission,89,Vehicle Parts & Accessories
1269,Vehicle Fuels & Lubricants,89,Vehicle Parts & Accessories
438,Vehicle Wheels & Tires,89,Vehicle Parts & Accessories
1268,Fuel Economy & Gas Prices,473,Vehicle Shopping
1267,"Vehicle Specs, Reviews & Comparisons",473,Vehicle Shopping
803,Vehicle Shows,47,Autos & Vehicles
1219,Beauty Pageants,44,Beauty & Fitness
239,Body Art,44,Beauty & Fitness
238,Cosmetic Surgery,1220,Cosmetic Procedures
147,Cosmetology & Beauty Professionals,44,Beauty & Fitness
244,Hygiene & Toiletries,143,Face & Body Care
234,Make-Up & Cosmetics,143,Face & Body Care
242,Perfumes & Fragrances,143,Face & Body Care
93,Skin & Nail Care,143,Face & Body Care
144,Unwanted Body & Facial Hair Removal,143,Face & Body Care
98,Fashion Designers & Collections,185,Fashion & Style
1155,Fashion Modeling,185,Fashion & Style
241,Bodybuilding,94,Fitness
1417,Fitness Equipment & Accessories,94,Fitness
1418,Fitness Instruction & Personal Training,94,Fitness
1419,Gyms & Health Clubs,94,Fitness
611,Yoga & Pilates,94,Fitness
235,Hair Loss,146,Hair Care
557,Massage Therapy,145,Spas & Beauty Services
236,Weight Loss,44,Beauty & Fitness
355,Book Retailers,22,Books & Literature
1183,Children's Literature,22,Books & Literature
608,E-Books,22,Books & Literature
540,Fan Fiction,22,Books & Literature
1184,Literary Classics,22,Books & Literature
412,Magazines,22,Books & Literature
565,Poetry,22,Books & Literature
1177,Writers Resources,22,Books & Literature
1548,Brand Management,25,Advertising & Marketing
83,Marketing,25,Advertising & Marketing
1420,Promotional Items & Corporate Gifts,25,Advertising & Marketing
327,Public Relations,25,Advertising & Marketing
1547,Sales,25,Advertising & Marketing
328,Telemarketing,25,Advertising & Marketing
669,Defense Industry,356,Aerospace & Defense
668,Space Technology,356,Aerospace & Defense
748,Agricultural Equipment,46,Agriculture & Forestry
747,Aquaculture,46,Agriculture & Forestry
749,Crops & Seed,46,Agriculture & Forestry
1578,Farms & Ranches,46,Agriculture & Forestry
621,Food Production,46,Agriculture & Forestry
750,Forestry,46,Agriculture & Forestry
751,Horticulture,46,Agriculture & Forestry
752,Livestock,46,Agriculture & Forestry
1190,Automotive Industry,12,Business & Industrial
799,Business Education,12,Business & Industrial
1160,Commercial Lending,1138,Business Finance
1139,Investment Banking,1138,Business Finance
620,Risk Management,1138,Business Finance
905,Venture Capital,1138,Business Finance
336,Business Plans & Presentations,1159,Business Operations
723,Compensation & Benefits,157,Human Resources
331,Corporate Training,157,Human Resources
724,Payroll Services,157,Human Resources
330,Recruitment & Staffing,157,Human Resources
721,Business Process,338,Management
1360,Project Management,338,Management
722,Strategic Planning,338,Management
801,Supply Chain Management,338,Management
1162,Consulting,329,Business Services
335,Trade Fairs & Industry Shows,334,Corporate Events
280,Merchant Services & Payment Systems,340,E-Commerce Services
726,Fire & Security Services,329,Business Services
800,Knowledge Management,329,Business Services
337,Office & Facilities Management,28,Office Services
333,Office Furniture,95,Office Supplies
718,Outsourcing,329,Business Services
719,Physical Asset Management,329,Business Services
720,Quality Control & Tracking,329,Business Services
1076,Signage,329,Business Services
725,Writing & Editing Services,329,Business Services
670,Agrochemicals,288,Chemicals Industry
671,Cleaning Agents,288,Chemicals Industry
672,Coatings & Adhesives,288,Chemicals Industry
673,Dyes & Pigments,288,Chemicals Industry
674,Plastics & Polymers,288,Chemicals Industry
829,Nails Screws & Fasteners,650,Building Materials & Supplies
830,Plumbing Fixtures & Equipment,650,Building Materials & Supplies
831,Wood & Plastics,650,Building Materials & Supplies
651,Civil Engineering,48,Construction & Maintenance
652,Construction Consulting & Contracting,48,Construction & Maintenance
686,Urban & Regional Planning,48,Construction & Maintenance
658,Electricity,233,Energy & Utilities
954,Nuclear Energy,233,Energy & Utilities
659,Oil & Gas,233,Energy & Utilities
1424,Hydropower,657,Renewable & Alternative Energy
1422,Solar Power,657,Renewable & Alternative Energy
1423,Wind Power,657,Renewable & Alternative Energy
1307,Recycling,660,Waste Management
1349,Water Supply & Treatment,233,Energy & Utilities
956,Event Planning,955,Hospitality Industry
816,Restaurant Supply,957,Food Service
839,Valves Hoses & Fittings,1152,Fluid Handling
835,Generators,287,Industrial Materials & Equipment
837,Heavy Machinery,287,Industrial Materials & Equipment
661,Factory Automation,49,Manufacturing
1425,Precious Metals,606,Metals & Mining
255,Pharmaceuticals & Biotech,12,Business & Industrial
1375,Business Cards & Stationary,332,Document & Printing Services
1199,Professional & Trade Associations,12,Business & Industrial
844,Retail Equipment & Technology,841,Retail Trade
1200,Business Formation,551,Small Business
727,Home Office,551,Small Business
552,MLM & Business Opportunities,551,Small Business
566,Textiles & Nonwovens,12,Business & Industrial
662,Aviation,50,Transportation & Logistics
664,Distribution & Logistics,50,Transportation & Logistics
289,Freight & Trucking,50,Transportation & Logistics
354,Import & Export,50,Transportation & Logistics
663,Couriers & Messengers,1150,Mail & Package Delivery
665,Maritime Transport,50,Transportation & Logistics
291,Moving & Relocation,50,Transportation & Logistics
290,Packaging,50,Transportation & Logistics
1306,Parking,50,Transportation & Logistics
1347,Self Storage,50,Transportation & Logistics
666,Rail Transport,50,Transportation & Logistics
667,Urban Transport,50,Transportation & Logistics
1426,Warehousing,50,Transportation & Logistics
1300,CAD & CAM,5,Computers & Electronics
741,Chips & Processors,717,Computer Components
226,Computer Memory,717,Computer Components
740,Sound & Video Cards,717,Computer Components
1321,CD & DVD Drives & Burners,496,Computer Drives & Storage
1322,CD & DVD Storage Media,496,Computer Drives & Storage
1323,Data Backup & Recovery,496,Computer Drives & Storage
1318,Flash Drives & Memory Cards,496,Computer Drives & Storage
1320,Hard Drives,496,Computer Drives & Storage
1319,Memory Card Readers,496,Computer Drives & Storage
729,Network Storage,496,Computer Drives & Storage
487,Computer Monitors & Displays,312,Computer Peripherals
493,Input Devices,312,Computer Peripherals
1331,Copiers,1330,"Printers, Copiers & Fax"
1332,Fax Machines,1330,"Printers, Copiers & Fax"
1333,Ink & Toner,1330,"Printers, Copiers & Fax"
494,Printers,1330,"Printers, Copiers & Fax"
495,Scanners,1330,"Printers, Copiers & Fax"
728,Computer Servers,30,Computer Hardware
309,Desktop Computers,30,Computer Hardware
739,Hardware Modding & Tuning,30,Computer Hardware
1277,Tablet PCs,310,Laptops & Notebooks
315,Antivirus & Malware,314,Computer Security
738,Hacking & Cracking,314,Computer Security
344,Network Security,314,Computer Security
1396,Headphones,361,Audio Equipment
1158,Speakers,361,Audio Equipment
91,Stereo Systems & Components,361,Audio Equipment
1384,"Binoculars, Telescopes & Optical Devices",573,Camera & Photo Equipment
308,Camcorders,306,Cameras & Camcorders
1383,Camera Lenses,306,Cameras & Camcorders
307,Cameras,306,Cameras & Camcorders
230,Car Audio,1188,Car Electronics
1189,Car Video,1188,Car Electronics
1192,Electronic Accessories,78,Consumer Electronics
794,GPS & Navigation,78,Consumer Electronics
1324,E-Book Readers,362,Gadgets & Portable Electronics
227,MP3 & Portable Media Players,362,Gadgets & Portable Electronics
228,PDAs & Handhelds,362,Gadgets & Portable Electronics
1046,Handheld Game Consoles,899,Game Systems & Consoles
1043,Nintendo,899,Game Systems & Consoles
1044,Sony PlayStation,899,Game Systems & Consoles
1045,Xbox,899,Game Systems & Consoles
1393,DVRs & Set-Top Boxes,229,TV & Video Equipment
1157,Home Theater Systems,229,TV & Video Equipment
1334,Projectors & Screens,229,TV & Video Equipment
1354,HDTVs,305,Televisions
1356,LCD TVs,305,Televisions
1355,Plasma TVs,305,Televisions
1357,Projection TVs,305,Televisions
1394,Blu-Ray Players & Recorders,492,Video Players & Recorders
1395,DVD Players & Recorders,492,Video Players & Recorders
900,Data Sheets & Electronics Reference,434,Electronics & Electrical
743,Electromechanical Devices,434,Electronics & Electrical
742,Electronic Components,434,Electronics & Electrical
744,Optoelectronics & Fiber,434,Electronics & Electrical
745,Power Supplies,434,Electronics & Electrical
746,Test & Measurement,434,Electronics & Electrical
341,Customer Relationship Management (CRM),77,Enterprise Technology
343,Data Management,77,Enterprise Technology
342,Enterprise Resource Planning (ERP),77,Enterprise Technology
488,Data Formats & Protocols,311,Networking
347,Network Monitoring & Management,311,Networking
346,Networking Equipment,311,Networking
1279,VPN & Remote Access,311,Networking
731,C & C++,31,Programming
730,Development Tools,31,Programming
732,Java (Programming Language),31,Programming
733,Scripting Languages,31,Programming
734,Windows & .NET,31,Programming
1341,Accounting & Financial Software,498,Business & Productivity Software
1358,Calendar & Scheduling Software,498,Business & Productivity Software
1346,Presentation Software,498,Business & Productivity Software
1359,Project Management Software,498,Business & Productivity Software
1344,Spreadsheet Software,498,Business & Productivity Software
1345,Word Processing Software,498,Business & Productivity Software
225,Device Drivers,32,Software
804,Educational Software,32,Software
901,Freeware & Shareware,32,Software
808,Content Management,807,Internet Software
1500,Download Managers,807,Internet Software
304,Internet Clients & Browsers,807,Internet Software
902,Proxying & Filtering,807,Internet Software
1092,Audio Files Formats & Codecs,1089,Audio & Music Software
805,Fonts,1088,Desktop Publishing
486,Graphics & Animation Software,497,Multimedia Software
1090,Media Players,497,Multimedia Software
1315,Video File Formats & Codecs,577,Photo & Video Software
313,Open Source,32,Software
736,Linux & Unix,303,Operating Systems
735,Mac OS,303,Operating Systems
1534,Android OS,1382,Mobile OS
1533,Apple iOS,1382,Mobile OS
1535,BlackBerry OS,1382,Mobile OS
1536,Symbian OS,1382,Mobile OS
1537,Windows Mobile OS,1382,Mobile OS
737,Windows OS,303,Operating Systems
224,Software Utilities,32,Software
1427,Billing & Invoicing,278,Accounting & Auditing
1428,Bookkeeping,278,Accounting & Auditing
1283,Tax Preparation & Planning,278,Accounting & Auditing
1429,ATMs & Branch Locations,37,Banking
1430,Debit & Checking Services,37,Banking
1432,Money Transfer & Wire Services,37,Banking
1431,Savings Accounts,37,Banking
811,Credit Cards,279,Credit & Lending
1433,Credit Reporting & Monitoring,279,Credit & Lending
1434,Debt Collection & Repossession,279,Credit & Lending
812,Debt Management,279,Credit & Lending
1445,Home Equity Loans & Lines of Credit,466,Home Financing
1446,Home Refinancing,466,Home Financing
1447,Mortgages,466,Home Financing
1437,Short-Term Loans & Cash Advances,1436,Personal Loans
813,Student Loans & College Financing,1435,Loans
468,Auto Financing,1448,Vehicle Financing
1439,Asset & Portfolio Management,903,Financial Planning & Management
1438,Inheritance & Estate Planning,903,Financial Planning & Management
619,Retirement & Pension,903,Financial Planning & Management
1440,Government Grants,1282,"Grants, Scholarships & Financial Aid"
1441,Study Grants & Scholarships,1282,"Grants, Scholarships & Financial Aid"
249,Health Insurance,38,Insurance
465,Home Insurance,38,Insurance
1442,Life Insurance,38,Insurance
1443,Travel Insurance,38,Insurance
467,Auto Insurance,1444,Vehicle Insurance
1449,Brokerages & Day Trading,107,Investing
904,Commodities & Futures Trading,107,Investing
814,Currencies & Foreign Exchange,107,Investing
1450,Derivatives,107,Investing
1452,Exchange Traded Funds,1451,Funds
1453,Hedge Funds,1451,Funds
1454,Mutual Funds,1451,Funds
1455,Real Estate Investment Trusts,107,Investing
1456,Socially Responsible Investing,107,Investing
1458,Bonds,1457,Stocks & Bonds
1459,Exchanges,1457,Stocks & Bonds
404,Beer,277,Alcoholic Beverages
406,Liquor,277,Alcoholic Beverages
405,Wine,277,Alcoholic Beverages
1509,Bottled Water,560,Beverages
1527,Coffee,916,Coffee & Tea
1528,Tea,916,Coffee & Tea
1510,Juice,560,Beverages
1511,Soft Drinks,560,Beverages
1525,BBQ & Grilling,122,Cooking & Recipes
1551,Chinese Cuisine,912,East Asian Cuisine
1552,Japanese Cuisine,912,East Asian Cuisine
1554,Korean Cuisine,912,East Asian Cuisine
1563,Eastern European Cuisine,911,Cuisines
1556,French Cuisine,911,Cuisines
1564,German Cuisine,911,Cuisines
1566,Caribbean Cuisine,913,Latin American Cuisine
1560,Mexican Cuisine,913,Latin American Cuisine
1565,South American Cuisine,913,Latin American Cuisine
1558,Greek Cuisine,914,Mediterranean Cuisine
1557,Italian Cuisine,914,Mediterranean Cuisine
1559,Spanish Cuisine,914,Mediterranean Cuisine
1532,Middle Eastern Cuisine,911,Cuisines
915,North American Cuisine,911,Cuisines
1553,Indian Cuisine,1567,South Asian Cuisine
1555,Thai Cuisine,1568,Southeast Asian Cuisine
1569,Vietnamese Cuisine,1568,Southeast Asian Cuisine
825,Vegetarian Cuisine,911,Cuisines
297,Culinary Training,122,Cooking & Recipes
1526,Desserts,122,Cooking & Recipes
1501,Healthy Eating,122,Cooking & Recipes
1529,Salads,122,Cooking & Recipes
910,Soups & Stews,122,Cooking & Recipes
907,Baked Goods,1512,Food
1513,Breakfast Foods,1512,Food
906,Candy & Sweets,1512,Food
1538,Condiments & Dressings,1512,Food
1539,Cooking Fats & Oils,1512,Food
1540,Cheese,1514,Dairy & Eggs
908,Fruits & Vegetables,1512,Food
1541,Gourmet & Specialty Foods,1512,Food
1515,Grains & Pasta,1512,Food
1516,Herbs & Spices,1512,Food
1542,"Jams, Jellies & Preserves",1512,Food
1543,Beef,909,Meat & Seafood
1544,Fish & Seafood,909,Meat & Seafood
1545,Pork,909,Meat & Seafood
1546,Poultry,909,Meat & Seafood
1517,Organic & Natural Foods,1512,Food
1518,Snack Foods,1512,Food
1523,Food & Grocery Delivery,71,Food & Drink
1573,Bakeries,121,Food & Grocery Retailers
1574,Butchers,121,Food & Grocery Retailers
1575,Convenience Stores,121,Food & Grocery Retailers
1576,Delicatessens,121,Food & Grocery Retailers
1577,Farmers' Markets,121,Food & Grocery Retailers
1524,Catering,276,Restaurants
917,Dining Guides,276,Restaurants
1562,Burgers,918,Fast Food
1561,Fine Dining,276,Restaurants
1550,Pizzerias,276,Restaurants
919,Arcade & Coin-Op Games,8,Games
921,Chess & Abstract Strategy Games,920,Board Games
922,Miniatures & Wargaming,920,Board Games
923,Collectible Card Games,39,Card Games
924,Poker & Casino Games,39,Card Games
1311,Action & Platform Games,41,Computer & Video Games
925,Adventure Games,41,Computer & Video Games
926,Casual Games,41,Computer & Video Games
927,Driving & Racing Games,41,Computer & Video Games
928,Fighting Games,41,Computer & Video Games
381,Game Cheats & Hints,1343,Gaming Media & Reference
929,Music & Dance Games,41,Computer & Video Games
930,Shooter Games,41,Computer & Video Games
1497,Business & Tycoon Games,931,Simulation Games
1496,City Building Games,931,Simulation Games
1498,Life Simulation Games,931,Simulation Games
1495,Vehicle Simulators,931,Simulation Games
1499,Sports Management Games,932,Sports Games
933,Strategy Games,41,Computer & Video Games
1491,Video Game Development,41,Computer & Video Games
1342,Video Game Emulation,41,Computer & Video Games
1146,Video Game Retailers,41,Computer & Video Games
1492,Dice Games,8,Games
1493,Educational Games,8,Games
1397,Drawing & Coloring,1290,Family-Oriented Games & Activities
1173,Dress-Up & Fashion Games,1290,Family-Oriented Games & Activities
698,Horse & Dog Racing,637,Gambling
364,Lottery & Sweepstakes,637,Gambling
934,Sports Betting,637,Gambling
935,Massive Multiplayer,105,Online Games
936,Party Games,8,Games
937,Puzzles & Brainteasers,8,Games
622,Roleplaying Games,8,Games
939,Billiards,938,Table Games
940,Table Tennis,938,Table Games
1549,Tile Games,8,Games
1494,Word Games,8,Games
624,Alzheimer's Disease,623,Aging & Geriatrics
1239,Acupuncture & Chinese Medicine,499,Alternative & Natural Medicine
1238,Cleansing & Detoxification,499,Alternative & Natural Medicine
625,AIDS & HIV,419,Health Conditions
626,Allergies,419,Health Conditions
628,Arthritis,419,Health Conditions
429,Cancer,419,Health Conditions
629,Cold & Flu,419,Health Conditions
630,Diabetes,419,Health Conditions
1211,Ear Nose & Throat,419,Health Conditions
571,Eating Disorders,419,Health Conditions
1329,Thyroid Conditions,1328,Endocrine Conditions
638,GERD & Digestive Disorders,419,Health Conditions
941,Genetic Disorders,419,Health Conditions
643,Cholesterol Issues,559,Heart & Hypertension
1262,Parasites & Parasitic Diseases,632,Infectious Diseases
1263,Vaccines & Immunizations,632,Infectious Diseases
817,Injury,419,Health Conditions
942,Neurological Disorders,419,Health Conditions
818,Obesity,419,Health Conditions
631,Headaches & Migraines,819,Pain Management
627,Asthma,824,Respiratory Conditions
420,Skin Conditions,419,Health Conditions
633,Sleep Disorders,419,Health Conditions
254,Health Education & Medical Training,45,Health
252,Health Foundations & Medical Research,45,Health
1353,Mobility Equipment & Accessories,1352,Assistive Technology
634,Doctors' Offices,256,Medical Facilities & Services
250,Hospitals & Treatment Centers,256,Medical Facilities & Services
943,Medical Tests & Exams,635,Medical Procedures
944,Surgery,635,Medical Procedures
500,Physical Therapy,256,Medical Facilities & Services
945,Medical Photos & Illustration,253,Medical Literature & Resources
636,Men's Health,45,Health
639,Anxiety & Stress,437,Mental Health
640,Depression,437,Mental Health
642,ADD & ADHD,641,Learning & Developmental Disabilities
649,Assisted Living & Long Term Care,418,Nursing
1572,Kosher Foods,457,Special & Restricted Diets
1570,Low Carbohydrate Diets,457,Special & Restricted Diets
1571,Low Fat & Low Cholesterol Diets,457,Special & Restricted Diets
237,Vitamins & Supplements,456,Nutrition
245,Oral & Dental Care,45,Health
645,Pediatrics,45,Health
646,Drugs & Medications,248,Pharmacy
1256,Health Policy,947,Public Health
644,Occupational Health & Safety,947,Public Health
946,Poisons & Overdoses,947,Public Health
198,Birth Control,195,Reproductive Health
202,Erectile Dysfunction,195,Reproductive Health
647,Infertility,195,Reproductive Health
558,OBGYN,195,Reproductive Health
536,Sex Education & Counseling,195,Reproductive Health
1236,Sexual Enhancement,195,Reproductive Health
421,Sexually Transmitted Diseases,195,Reproductive Health
1351,Drug & Alcohol Testing,257,Substance Abuse
1350,Drug & Alcohol Treatment,257,Substance Abuse
1237,Smoking & Smoking Cessation,257,Substance Abuse
1235,Steroids & Performance-Enhancing Drugs,257,Substance Abuse
1502,Eye Exams & Optometry,246,Vision Care
1224,Eyeglasses & Contacts,246,Vision Care
1503,Laser Vision Correction,246,Vision Care
648,Women's Health,45,Health
1468,Fraternal Orders & Service Clubs,189,Clubs & Organizations
1469,Youth Organizations & Resources,189,Clubs & Organizations
1276,"Contests, Awards & Prizes",65,Hobbies & Leisure
1470,Ceramics & Pottery,284,Crafts
1230,Fiber & Textile Arts,284,Crafts
568,Equestrian,688,Outdoors
462,Fishing,688,Outdoors
542,Hiking & Camping,688,Outdoors
461,Hunting & Shooting,688,Outdoors
786,Paintball,65,Hobbies & Leisure
1590,Model Trains & Railroads,787,Radio Control & Modeling
999,Recreational Aviation,65,Hobbies & Leisure
1270,Birthdays & Name Days,678,Holidays & Seasonal Events
1246,Carnival & Mardi Gras,678,Holidays & Seasonal Events
1078,Christmas,1274,Christian Holidays
1123,Easter,1274,Christian Holidays
1079,Halloween & October 31st,678,Holidays & Seasonal Events
1275,Islamic Holidays,678,Holidays & Seasonal Events
1124,Jewish Holidays,678,Holidays & Seasonal Events
1271,New Year,678,Holidays & Seasonal Events
1125,Thanksgiving,678,Holidays & Seasonal Events
1122,Valentine's Day,678,Holidays & Seasonal Events
293,Weddings,977,Special Occasions
459,Boating,1002,Water Activities
1305,Diving & Underwater Activities,1002,Water Activities
689,Surf & Swim,1002,Water Activities
1365,Bathroom,948,Bed & Bath
1369,Bedding & Bed Linens,1366,Bedroom
1367,Beds & Headboards,1366,Bedroom
1368,Mattresses,1366,Bedroom
949,Cleaning Supplies & Services,472,Domestic Services
269,Gardening & Landscaping,11,Home & Garden
828,HVAC & Climate Control,11,Home & Garden
1371,Water Filters & Purifiers,271,Home Appliances
1363,Clocks,270,Home Furnishings
272,Lamps & Lighting,270,Home Furnishings
1362,Rugs & Carpets,270,Home Furnishings
1370,Sofas & Chairs,270,Home Furnishings
950,Construction & Power Tools,158,Home Improvement
827,Doors & Windows,158,Home Improvement
832,Flooring,158,Home Improvement
1232,House Painting & Finishing,158,Home Improvement
1421,Locks & Locksmiths,158,Home Improvement
1153,Plumbing,158,Home Improvement
1175,Roofing,158,Home Improvement
1348,Home Storage & Shelving,11,Home & Garden
137,Homemaking & Interior Decor,11,Home & Garden
1373,Cutlery & Cutting Accessories,120,Cookware & Diningware
1600,Dishwashers,1293,Major Kitchen Appliances
1604,Kitchen Hoods & Vents,1293,Major Kitchen Appliances
1601,Microwaves,1293,Major Kitchen Appliances
1602,"Ranges, Cooktops & Ovens",1293,Major Kitchen Appliances
1603,Refrigerators & Freezers,1293,Major Kitchen Appliances
1605,Blenders,1292,Small Kitchen Appliances
1606,Bread Makers,1292,Small Kitchen Appliances
1607,Coffee & Espresso Makers,1292,Small Kitchen Appliances
1608,Food Processors,1292,Small Kitchen Appliances
1609,Toasters & Toaster Ovens,1292,Small Kitchen Appliances
1364,Laundry,11,Home & Garden
1372,Nursery & Playroom,11,Home & Garden
471,Pest Control,11,Home & Garden
952,Swimming Pools & Spas,11,Home & Garden
953,Yard & Patio,11,Home & Garden
1182,Radio Equipment,385,Communications Equipment
1522,Spam & Email Filtering,394,Email & Messaging
1379,Text & Instant Messaging,394,Email & Messaging
386,Voice & Video Chat,394,Email & Messaging
1170,Bluetooth Accessories,1171,Mobile & Wireless Accessories
1461,Android Apps,1109,Mobile Apps & Add-Ons
532,Ringtones & Mobile Themes,1109,Mobile Apps & Add-Ons
1462,iOS Apps,1109,Mobile Apps & Add-Ons
1071,Smart Phones,390,Mobile Phones
1234,People Search,485,Search Engines
501,Cable & Satellite Providers,383,Service Providers
104,ISPs,383,Service Providers
1463,Internet Cafes,383,Service Providers
389,Calling Cards,384,Phone Service Providers
392,Teleconferencing,13,Internet & Telecom
1142,Web Apps & Online Tools,13,Internet & Telecom
301,Web Portals,13,Internet & Telecom
326,Affiliate Programs,302,Web Services
1464,Hosted Data Storage,302,Web Services
84,Search Engine Optimization & Marketing,302,Web Services
422,Web Design & Development,302,Web Services
53,Web Hosting & Domain Registration,302,Web Services
675,Web Stats & Analytics,302,Web Services
1289,Academic Conferences & Publications,74,Education
1015,Alumni & Reunions,74,Education
1465,"Fraternities, Sororities & Student Societies",372,Colleges & Universities
367,Distance Learning,74,Education
1579,Preschool,1012,Early Childhood Education
791,Homeschooling,74,Education
371,Primary & Secondary Schooling (K-12),74,Education
1118,Special Education,74,Education
373,Standardized & Admissions Tests,74,Education
1308,Study Abroad,74,Education
1466,Lesson Plans,700,Teaching & Classroom Resources
1467,School Supplies & Classroom Equipment,700,Teaching & Classroom Resources
1388,Training & Certification,74,Education
1229,Computer Education,369,Vocational & Continuing Education
1471,Internships,958,Jobs & Education
959,Career Resources & Planning,60,Jobs
1472,Accounting & Finance Jobs,960,Job Listings
1473,Clerical & Administrative Jobs,960,Job Listings
1474,Education Jobs,960,Job Listings
1475,Executive & Management Jobs,960,Job Listings
1476,Government & Public Sector Jobs,960,Job Listings
1477,Health & Medical Jobs,960,Job Listings
802,IT & Technical Jobs,960,Job Listings
1478,Legal Jobs,960,Job Listings
1479,Retail Jobs,960,Job Listings
1481,Sales & Marketing Jobs,960,Job Listings
1480,Temporary & Seasonal Jobs,960,Job Listings
961,Resumes & Portfolios,60,Jobs
1075,Courts & Judiciary,76,Government
962,Embassies & Consulates,76,Government
963,Executive Branch,76,Government
1385,Government Contracting & Procurement,76,Government
1387,Government Ministries,76,Government
1221,Intelligence & Counterterrorism,76,Government
964,Legislative Branch,76,Government
1386,Lobbying,76,Government
965,Multilateral Organizations,76,Government
1161,Public Finance,76,Government
1316,Public Policy,76,Government
702,Royalty,76,Government
966,State & Local Government,76,Government
555,Visa & Immigration,76,Government
427,Accident & Personal Injury Law,75,Legal
423,Bankruptcy,75,Legal
1272,Business & Corporate Law,75,Legal
967,Constitutional Law & Civil Rights,75,Legal
424,Criminal Law,75,Legal
522,Family Law,75,Legal
426,Intellectual Property,75,Legal
701,Labor & Employment Law,75,Legal
792,Legal Education,75,Legal
969,Legal Services,75,Legal
970,Product Liability,75,Legal
1247,Air Force,366,Military
1248,Army,366,Military
1250,Marines,366,Military
1249,Navy,366,Military
793,Veterans,366,Military
1181,Corporate & Financial Crime,704,Crime & Justice
1312,Gangs & Organized Crime,704,Crime & Justice
1284,Prisons & Corrections,704,Crime & Justice
168,Emergency Services,166,Public Safety
535,Law Enforcement,166,Public Safety
705,Security Products & Services,166,Public Safety
511,Counseling Services,508,Social Services
706,Welfare & Unemployment,508,Social Services
112,Broadcast & Network News,16,News
1240,Company Earnings,1179,Company News
1241,Mergers & Acquisitions,1179,Company News
1164,Economy News,784,Business News
1163,Financial Markets,784,Business News
1165,Fiscal Policy News,784,Business News
1259,Scandals & Investigations,507,Gossip & Tabloid News
1253,Health News,16,News
1204,Journalism & News Industry,16,News
572,Local News,16,News
408,Newspapers,16,News
398,Campaigns & Elections,396,Politics
410,Left-Wing Politics,396,Politics
1203,Media Critics & Watchdogs,396,Politics
1201,Opinion & Commentary,396,Politics
1202,Political Polls & Surveys,396,Politics
409,Right-Wing Politics,396,Politics
1077,Sports News,16,News
785,Technology News,16,News
63,Weather,16,News
1209,World News,16,News
1381,Microblogging,504,Blogging Resources & Services
546,Matrimonial Services,55,Dating & Personals
102,Personals,55,Dating & Personals
320,Photo Rating Sites,55,Dating & Personals
1482,Feed Aggregation & Social Bookmarking,299,Online Communities
321,File Sharing & Hosting,299,Online Communities
191,Forum & Chat Providers,299,Online Communities
1223,Clip Art & Animated GIFs,43,Online Goodies
578,Skins Themes & Wallpapers,43,Online Goodies
847,Social Network Apps & Add-Ons,43,Online Goodies
582,Online Journals & Personal Sites,299,Online Communities
978,Photo & Image Sharing,275,Photo & Video Sharing
979,Video Sharing,275,Photo & Video Sharing
529,Social Networks,299,Online Communities
972,Virtual Worlds,299,Online Communities
677,Disabled & Special Needs,14,People & Society
547,African-Americans,579,Africans & Diaspora
556,Arabs & Middle Easterners,56,Ethnic & Identity Groups
549,East Asians & Diaspora,1257,Asians & Diaspora
528,South Asians & Diaspora,1257,Asians & Diaspora
580,Southeast Asians & Pacific Islanders,1257,Asians & Diaspora
682,Eastern Europeans,56,Ethnic & Identity Groups
973,Expatriate Communities,56,Ethnic & Identity Groups
113,Gay-Lesbian-Bisexual-Transgender,56,Ethnic & Identity Groups
171,Native Americans,681,Indigenous Peoples
550,Jewish Culture,56,Ethnic & Identity Groups
548,Latinos & Latin-Americans,56,Ethnic & Identity Groups
683,Western Europeans,56,Ethnic & Identity Groups
1304,Etiquette,1131,Family & Relationships
400,Ancestry & Genealogy,1132,Family
1231,Baby & Pet Names,1132,Family
974,Adoption,58,Parenting
1585,Baby & Toddler Toys,1374,Babies & Toddlers
115,Baby Care & Hygiene,1374,Babies & Toddlers
1584,Baby Food & Formula,1374,Babies & Toddlers
403,Child Care,58,Parenting
401,Pregnancy & Maternity,58,Parenting
402,Youth Camps,58,Parenting
1134,Friendship,1131,Family & Relationships
1133,Marriage,1131,Family & Relationships
1135,Romance,1131,Family & Relationships
1261,Divorce & Separation,1260,Troubled Relationships
525,Men's Interests (Mature),594,Men's Interests
448,Astrology & Divination,59,Religion & Belief
862,Buddhism,59,Religion & Belief
864,Christianity,59,Religion & Belief
866,Hinduism,59,Religion & Belief
868,Islam,59,Religion & Belief
869,Judaism,59,Religion & Belief
1258,Pagan & Esoteric Traditions,59,Religion & Belief
1296,Places of Worship,59,Religion & Belief
1251,Scientology,59,Religion & Belief
870,Self-Help & Motivational,59,Religion & Belief
975,Skeptics & Non-Believers,59,Religion & Belief
101,Spirituality,59,Religion & Belief
1340,Theology & Religious Study,59,Religion & Belief
298,Seniors & Retirement,14,People & Society
57,Charity & Philanthropy,54,Social Issues & Advocacy
1205,Discrimination & Identity Relations,54,Social Issues & Advocacy
1314,Drug Laws & Policy,54,Social Issues & Advocacy
1483,Ethics,54,Social Issues & Advocacy
82,Green Living & Environmental Issues,54,Social Issues & Advocacy
1166,Housing & Development,54,Social Issues & Advocacy
1280,Human Rights & Liberties,54,Social Issues & Advocacy
1313,Immigration Policy & Border Issues,54,Social Issues & Advocacy
1127,Poverty & Hunger,54,Social Issues & Advocacy
1281,Privacy Issues,54,Social Issues & Advocacy
976,Reproductive Rights,54,Social Issues & Advocacy
1301,Same-Sex Marriage,54,Social Issues & Advocacy
1121,Unions & Labor Movement,703,Work & Labor Issues
1484,Anthropology,509,Social Sciences
1485,Archaeology,509,Social Sciences
1303,Public Speaking,1302,Communications & Media Studies
510,Demographics,509,Social Sciences
520,Economics,509,Social Sciences
521,International Relations,509,Social Sciences
543,Psychology,509,Social Sciences
503,Goth Subculture,502,Subcultures & Niche Interests
676,Science Fiction & Fantasy,502,Subcultures & Niche Interests
325,Women's Interests,14,People & Society
883,Animal Welfare,882,Animal Products & Services
379,Pet Food & Supplies,882,Animal Products & Services
380,Veterinarians,882,Animal Products & Services
884,Birds,563,Pets
885,Cats,563,Pets
886,Dogs,563,Pets
607,Exotic Pets,563,Pets
887,Fish & Aquaria,563,Pets
888,Horses,563,Pets
889,Rabbits & Rodents,563,Pets
890,Reptiles & Amphibians,563,Pets
119,Wildlife,66,Pets & Animals
378,Apartments & Residential Rentals,29,Real Estate
1460,Bank-Owned & Foreclosed Properties,29,Real Estate
1178,Commercial & Investment Real Estate,29,Real Estate
687,Property Development,29,Real Estate
463,Property Inspections & Appraisals,29,Real Estate
425,Property Management,29,Real Estate
96,Real Estate Agencies,29,Real Estate
1080,Real Estate Listings,29,Real Estate
1081,Timeshares & Vacation Properties,29,Real Estate
377,Business & Personal Listings,527,Directories & Listings
690,Biographies & Quotations,980,General Reference
691,Calculators & Reference Tools,980,General Reference
692,Dictionaries & Encyclopedias,980,General Reference
374,Educational Resources,980,General Reference
1137,Legal Forms,693,Forms Guides & Templates
694,"How-To, DIY & Expert Content",980,General Reference
1136,Public Records,980,General Reference
695,Time & Calendars,980,General Reference
1014,City & Local Guides,1084,Geographic Reference
685,Traffic & Public Transit,268,Maps
1288,Military History,433,History
609,Myth & Folklore,474,Humanities
1093,Philosophy,474,Humanities
1266,Foreign Language Study,1264,Foreign Language Resources
1265,Translation Tools & Resources,1264,Foreign Language Resources
1520,Libraries,375,Libraries & Museums
1519,Museums,375,Libraries & Museums
1233,Technical Reference,533,Reference
435,Astronomy,174,Science
788,Anatomy,440,Biological Sciences
1278,Insects & Entomology,981,Flora & Fauna
982,Genetics,440,Biological Sciences
1226,Neuroscience,440,Biological Sciences
505,Chemistry,174,Science
1298,Distributed & Parallel Computing,1227,Computer Science
1299,Machine Learning & Artificial Intelligence,1227,Computer Science
1254,Atmospheric Science,1168,Earth Sciences
443,Geology,1168,Earth Sciences
1169,Paleontology,1168,Earth Sciences
441,Water & Marine Sciences,1168,Earth Sciences
1255,Climate Change & Global Warming,442,Ecology & Environment
1141,Robotics,231,Engineering & Technology
1252,Statistics,436,Mathematics
444,Physics,174,Science
445,Scientific Equipment,174,Science
446,Scientific Institutions,174,Science
64,Antiques & Collectibles,18,Shopping
1228,Apparel Services,68,Apparel
983,Athletic Apparel,68,Apparel
428,T-Shirts,984,Casual Apparel
985,Children's Clothing,68,Apparel
1486,Rings,350,Gems & Jewelry
986,Handbags & Purses,124,Clothing Accessories
987,Watches,124,Clothing Accessories
988,Costumes,68,Apparel
1487,Sunglasses,989,Eyewear
1488,Athletic Shoes,697,Footwear
1489,Boots,697,Footwear
1490,Casual Shoes,697,Footwear
1597,Bridal Wear,990,Formal Wear
991,Headwear,68,Apparel
992,Men's Clothing,68,Apparel
993,Outerwear,68,Apparel
994,Sleepwear,68,Apparel
1598,Suits & Business Attire,68,Apparel
995,Swimwear,68,Apparel
530,Undergarments,68,Apparel
996,Uniforms & Workwear,68,Apparel
1632,Dresses,997,Women's Clothing
1631,Skirts,997,Women's Clothing
292,Auctions,18,Shopping
61,Classifieds,18,Shopping
97,Consumer Advocacy & Protection,69,Consumer Resources
365,Coupons & Discount Offers,69,Consumer Resources
1309,Loyalty Cards & Programs,450,Customer Services
567,Technical Support,450,Customer Services
451,Warranties & Service Contracts,450,Customer Services
1504,Identity Theft & Protection,69,Consumer Resources
352,Price Comparisons,353,Product Reviews & Price Comparisons
1505,Discount & Outlet Stores,18,Shopping
1144,Entertainment Media Rentals,1143,Entertainment Media
100,Cards & Greetings,70,Gifts & Special Event Items
1506,Custom & Personalized Items,70,Gifts & Special Event Items
323,Flowers,70,Gifts & Special Event Items
99,Gifts,70,Gifts & Special Event Items
324,Party & Holiday Supplies,70,Gifts & Special Event Items
1507,Green & Eco-Friendly Shopping,18,Shopping
696,Luxury Goods,18,Shopping
73,Mass Merchants & Department Stores,18,Shopping
574,Stock Photography,576,Photo & Video Services
531,Shopping Portals & Search Engines,18,Shopping
1210,Swap Meets & Outdoor Markets,18,Shopping
123,Tobacco Products,18,Shopping
1580,Action Figures,432,Toys
1581,Building Toys,432,Toys
1587,Die-cast & Toy Vehicles,432,Toys
1582,Dolls & Accessories,432,Toys
1588,Outdoor Toys & Play Equipment,432,Toys
1589,Puppets,432,Toys
1586,Ride-On Toys & Wagons,432,Toys
1583,Stuffed Toys,432,Toys
1225,Wholesalers & Liquidators,18,Shopping
1073,College Sports,20,Sports
515,Boxing,514,Combat Sports
516,Martial Arts,514,Combat Sports
512,Wrestling,514,Combat Sports
1206,Drag & Street Racing,554,Extreme Sports
1207,Stunts & Dangerous Feats,554,Extreme Sports
998,Fantasy Sports,20,Sports
1016,Bowling,1000,Individual Sports
458,Cycling,1000,Individual Sports
261,Golf,1000,Individual Sports
519,Gymnastics,1000,Individual Sports
1376,Tennis,262,Racquet Sports
541,Running & Walking,1000,Individual Sports
1126,Skate Sports,1000,Individual Sports
518,Track & Field,1000,Individual Sports
1595,Auto Racing,180,Motor Sports
1596,Motorcycle Racing,180,Motor Sports
1599,Sport Scores & Statistics,20,Sports
1611,American Football Equipment,263,Sporting Goods
1612,Baseball Equipment,263,Sporting Goods
1613,Basketball Equipment,263,Sporting Goods
1615,Bowling Equipment,263,Sporting Goods
1633,Boxing Gloves & Gear,1616,Combat Sports Equipment
1634,Martial Arts Equipment,1616,Combat Sports Equipment
1617,Cricket Equipment,263,Sporting Goods
1618,Equestrian Equipment & Tack,263,Sporting Goods
1619,Golf Equipment,263,Sporting Goods
1620,Gymnastics Equipment,263,Sporting Goods
1621,Hockey Equipment,263,Sporting Goods
1622,Ice Skating Equipment,263,Sporting Goods
1623,Roller Skating & Rollerblading Equipment,263,Sporting Goods
1624,Skateboarding Equipment,263,Sporting Goods
1614,Soccer Equipment,263,Sporting Goods
1083,Sports Memorabilia,263,Sporting Goods
1625,Squash & Racquetball Equipment,263,Sporting Goods
1627,Table Tennis Equipment,263,Sporting Goods
1628,Tennis Equipment,263,Sporting Goods
1629,Volleyball Equipment,263,Sporting Goods
1626,Water Sports Equipment,263,Sporting Goods
1635,Skiing Equipment,1630,Winter Sports Equipment
1636,Snowboarding Gear,1630,Winter Sports Equipment
1082,Sports Coaching & Training,20,Sports
258,American Football,1001,Team Sports
1508,Australian Football,1001,Team Sports
259,Baseball,1001,Team Sports
264,Basketball,1001,Team Sports
534,Cheerleading,1001,Team Sports
296,Cricket,1001,Team Sports
1017,Handball,1001,Team Sports
260,Hockey,1001,Team Sports
517,Rugby,1001,Team Sports
294,Soccer,1001,Team Sports
699,Volleyball,1001,Team Sports
1593,Surfing,118,Water Sports
1594,Swimming,118,Water Sports
1149,Ice Skating,265,Winter Sports
1148,Skiing & Snowboarding,265,Winter Sports
513,Olympics,1198,World Sports Competitions
1245,Airport Parking & Transportation,203,Air Travel
708,Bus & Rail,67,Travel
205,Car Rental & Taxi Services,67,Travel
1339,Carpooling & Vehicle Sharing,67,Travel
206,Cruises & Charters,67,Travel
179,Hotels & Accommodations,67,Travel
1003,Luggage & Travel Accessories,67,Travel
707,Adventure Travel,1004,Specialty Travel
1389,Agritourism,1004,Specialty Travel
1005,Ecotourism,1004,Specialty Travel
1390,Sightseeing Tours,1004,Specialty Travel
1391,Vineyards & Wine Tourism,1004,Specialty Travel
1074,Beaches & Islands,208,Tourist Destinations
1006,Historical Sites & Buildings,208,Tourist Destinations
1120,Lakes & Rivers,208,Tourist Destinations
1119,Mountain & Ski Resorts,208,Tourist Destinations
1007,Regional Parks & Gardens,208,Tourist Destinations
1008,Theme Parks,208,Tourist Destinations
1009,Zoos-Aquariums-Preserves,208,Tourist Destinations
1392,Tourist Boards & Visitor Centers,1010,Travel Agencies & Services
1019,Vacation Offers,1010,Travel Agencies & Services
1011,Travel Guides & Travelogues,67,Travel
5003,Ethiopia,5002,Eastern Africa
5005,Nairobi,5004,Kenya
5621,Madagascar,5002,Eastern Africa
5714,Malawi,5002,Eastern Africa
5634,Mozambique,5002,Eastern Africa
5473,Rwanda,5002,Eastern Africa
5591,Somalia,5002,Eastern Africa
5006,Tanzania,5002,Eastern Africa
5007,Uganda,5002,Eastern Africa
5671,Zambia,5002,Eastern Africa
5009,Harare,5008,Zimbabwe
5636,Angola,5010,Middle Africa
5635,Cameroon,5010,Middle Africa
5715,Chad,5010,Middle Africa
5012,Kinshasa,5011,Congo (DR)
5014,Algeria,5013,Northern Africa
5016,Cairo,5015,Egypt
5633,Libya,5013,Northern Africa
5017,Morocco,5013,Northern Africa
5018,Sudan,5013,Northern Africa
5019,Tunisia,5013,Northern Africa
5713,Botswana,5020,Southern Africa
5022,Cape Town,5021,South Africa
5023,Johannesburg,5021,South Africa
5712,Burkina Faso,5024,Western Africa
5637,Côte d'Ivoire,5024,Western Africa
5025,Ghana,5024,Western Africa
5711,Mali,5024,Western Africa
5710,Niger,5024,Western Africa
5027,Lagos,5026,Nigeria
5653,Senegal,5024,Western Africa
5030,Kazakhstan,5029,Central Asia
5574,Kyrgyzstan,5029,Central Asia
5579,Tajikistan,5029,Central Asia
5580,Turkmenistan,5029,Central Asia
5031,Uzbekistan,5029,Central Asia
5666,Nanjing,5392,Jiangsu
5040,Shanghai,5364,Eastern China
5039,Hangzhou,5393,Zhejiang
5034,Beijing,5367,North Central China
5401,Hebei,5367,North Central China
5399,Henan,5367,North Central China
5664,Inner Mongolia,5367,North Central China
5400,Shandong,5367,North Central China
5660,Shanxi,5367,North Central China
5043,Tianjin,5367,North Central China
5667,Harbin,5391,Heilongjiang
5035,Changchun,5643,Jilin
5041,Shenyang,5390,Liaoning
5661,Gansu,5368,Northwest China
5662,Ningxia,5368,Northwest China
5663,Qinghai,5368,Northwest China
5046,Xi'an,5402,Shaanxi
5403,Xinjiang,5368,Northwest China
5655,Anhui,5366,South Central China
5036,Chongqing,5366,South Central China
5045,Wuhan,5397,Hubei
5398,Hunan,5366,South Central China
5658,Jiangxi,5366,South Central China
5396,Sichuan,5366,South Central China
5394,Fujian,5365,Southeast China
5037,Dongguan,5395,Guangdong
5038,Guangzhou,5395,Guangdong
5042,Shenzhen,5395,Guangdong
5665,Hainan,5365,Southeast China
5656,Guangxi,5369,Southwest China
5659,Guizhou,5369,Southwest China
5044,Tibet,5369,Southwest China
5657,Yunnan,5369,Southwest China
5047,Hong Kong,5032,East Asia
5049,Nagoya,5723,Aichi
5725,Fukui,5382,Chubu
5730,Gifu,5382,Chubu
5729,Ishikawa,5382,Chubu
5726,Nagano,5382,Chubu
5727,Niigata,5382,Chubu
5731,Shizuoka,5382,Chubu
5724,Toyama,5382,Chubu
5728,Yamanashi,5382,Chubu
5735,Hiroshima,5385,Chugoku
5736,Okayama,5385,Chugoku
5734,Shimane,5385,Chugoku
5732,Tottori,5385,Chugoku
5733,Yamaguchi,5385,Chugoku
5051,Sapporo,5381,Hokkaido
5406,Kobe,5737,Hyogo
5407,Kyoto,5383,Kansai
5741,Mie,5383,Kansai
5739,Nara,5383,Kansai
5050,Osaka,5383,Kansai
5738,Shiga,5383,Kansai
5740,Wakayama,5383,Kansai
5742,Chiba,5377,Kanto
5745,Gunma,5377,Kanto
5746,Ibaraki,5377,Kanto
5764,Kawasaki,5744,Kanagawa
5404,Yokohama,5744,Kanagawa
5743,Saitama,5377,Kanto
5747,Tochigi,5377,Kanto
5052,Tokyo,5377,Kanto
5405,Fukuoka,5380,Kyushu
5752,Kagoshima,5380,Kyushu
5753,Kumamoto,5380,Kyushu
5751,Miyazaki,5380,Kyushu
5749,Nagasaki,5380,Kyushu
5750,Oita,5380,Kyushu
5748,Saga,5380,Kyushu
5379,Okinawa,5048,Japan
5755,Ehime,5384,Shikoku
5754,Kagawa,5384,Shikoku
5757,Kochi,5384,Shikoku
5756,Tokushima,5384,Shikoku
5759,Akita,5378,Tohoku
5758,Aomori,5378,Tohoku
5763,Fukushima,5378,Tohoku
5760,Iwate,5378,Tohoku
5765,Sendai,5762,Miyagi
5761,Yamagata,5378,Tohoku
5355,Macau,5032,East Asia
5577,Mongolia,5032,East Asia
5053,North Korea,5032,East Asia
5672,Gangwon,5054,South Korea
5370,Incheon,5375,Gyeonggi
5371,Jeju,5054,South Korea
5678,North Chungcheong,5054,South Korea
5055,Daegu,5674,North Gyeongsang
5676,North Jeolla,5054,South Korea
5057,Seoul,5054,South Korea
5374,Daejeon,5677,South Chungcheong
5372,Busan,5673,South Gyeongsang
5376,Ulsan,5673,South Gyeongsang
5373,Gwangju,5675,South Jeolla
5389,Hsinchu,5058,Taiwan
5386,Kaohsiung,5058,Taiwan
5388,Taichung,5058,Taiwan
5387,Tainan,5058,Taiwan
5059,Taipei,5058,Taiwan
5537,Armenia,5408,Caucasus
5538,Azerbaijan,5408,Caucasus
5539,Georgia,5408,Caucasus
5606,Far Eastern Russia,5120,Russian Federation
5766,North Caucasian District,5120,Russian Federation
5122,Saint Petersburg,5594,Northwestern Russia
5121,Moscow,5595,Russian Central District
5603,Russian Southern District,5120,Russian Federation
5605,Siberian Federal District,5120,Russian Federation
5607,Urals District,5120,Russian Federation
5604,Volga District,5120,Russian Federation
5075,Afghanistan,5074,South Asia
5076,Bangladesh,5074,South Asia
5553,Bhutan,5074,South Asia
5650,Bihar,5515,East India
5775,Chhattisgarh,5515,East India
5654,Orissa,5515,East India
5082,Kolkata,5649,West Bengal
5080,Delhi,5519,North India
5652,Madhya Pradesh,5519,North India
5776,Punjab (India),5519,North India
5520,Agra,5644,Uttar Pradesh
5514,Northeast India,5077,India
5081,Hyderabad,5648,Andhra Pradesh
5078,Bangalore,5640,Karnataka
5651,Kerala,5516,South India
5079,Chennai,5639,Tamil Nadu
5518,Goa,5517,West India
5647,Gujarat,5517,West India
5083,Mumbai,5645,Maharashtra
5521,Jaipur,5646,Rajasthan
5576,Maldives,5620,Indian Ocean Islands
5702,Réunion,5620,Indian Ocean Islands
5085,Nepal,5074,South Asia
5087,Karachi,5086,Pakistan
5088,Lahore,5086,Pakistan
5089,Sri Lanka,5074,South Asia
5554,Brunei,5060,Southeast Asia
5555,Cambodia,5060,Southeast Asia
5557,East Timor,5060,Southeast Asia
5062,Jakarta,5703,Java (Indonesia)
5704,Kalimantan,5061,Indonesia
5705,Maluku Islands,5061,Indonesia
5361,Bali,5706,Nusa Tenggara
5707,Sulawesi,5061,Indonesia
5708,Sumatra,5061,Indonesia
5709,Western New Guinea,5061,Indonesia
5575,Laos,5060,Southeast Asia
5064,Kuala Lumpur,5063,Malaysia
5065,Myanmar,5060,Southeast Asia
5668,Cebu,5066,Philippines
5067,Manila,5066,Philippines
5068,Singapore,5060,Southeast Asia
5070,Bangkok,5069,Thailand
5810,Chiang Mai,5069,Thailand
5812,Pattaya,5069,Thailand
5362,Phuket,5811,Southern Thailand
5072,Hanoi,5071,Viet Nam
5073,Ho Chi Minh City,5071,Viet Nam
5552,Bahrain,5090,West Asia
5084,Iran,5090,West Asia
5092,Iraq,5090,West Asia
5094,Jerusalem,5093,Israel
5592,Palestinian Territories,5093,Israel
5095,Tel Aviv,5093,Israel
5096,Jordan,5090,West Asia
5558,Kuwait,5090,West Asia
5097,Lebanon,5090,West Asia
5578,Oman,5090,West Asia
5590,Qatar,5090,West Asia
5098,Saudi Arabia,5090,West Asia
5099,Syria,5090,West Asia
5842,Izmir,5834,Aegean Turkey
5849,Bodrum,5845,Muğla
5846,Pamukkale,5834,Aegean Turkey
5835,Black Sea Turkey,5100,Turkey
5101,Ankara,5836,Central Anatolia
5844,Cappadocia,5836,Central Anatolia
5847,Konya,5836,Central Anatolia
5837,Eastern Anatolia,5100,Turkey
5841,Bursa,5838,Marmara Region
5102,Istanbul,5838,Marmara Region
5848,Adana,5839,Mediterranean Turkey
5843,Antalya,5839,Mediterranean Turkey
5850,Mersin,5839,Mediterranean Turkey
5840,Southeastern Anatolia,5100,Turkey
5103,United Arab Emirates,5090,West Asia
5581,Yemen,5090,West Asia
5179,Vienna,5178,Austria
5128,Estonia,5556,Baltics
5134,Latvia,5556,Baltics
5135,Lithuania,5556,Baltics
5109,Prague,5108,Czechia
5106,Belarus,5105,Eastern Europe
5585,Moldova,5105,Eastern Europe
5628,Crimea,5124,Ukraine
5619,Kiev,5124,Ukraine
5490,Baden-Wuerttemberg,5188,Germany
5195,Munich,5491,Bavaria
5189,Berlin,5188,Germany
5494,Brandenburg,5188,Germany
5495,Bremen,5188,Germany
5194,Hamburg,5188,Germany
5193,Frankfurt,5493,Hesse
5492,Lower Saxony,5188,Germany
5496,Mecklenburg-Vorpommern,5188,Germany
5190,Cologne,5489,North Rhine-Westphalia
5191,Duesseldorf,5489,North Rhine-Westphalia
5192,Essen (Ruhr Area),5489,North Rhine-Westphalia
5497,Rhineland-Palatinate,5188,Germany
5498,Saarland,5188,Germany
5499,Saxony,5188,Germany
5500,Saxony-Anhalt,5188,Germany
5501,Schleswig-Holstein,5188,Germany
5502,Thuringia,5188,Germany
5111,Budapest,5110,Hungary
5566,Liechtenstein,5565,Central & Eastern Europe
5113,Katowice (Upper Silesian),5112,Poland
5114,Krakow,5112,Poland
5115,Warsaw,5112,Poland
5116,Wroclaw,5112,Poland
5117,Łódź,5112,Poland
5123,Slovakia,5565,Central & Eastern Europe
5170,Slovenia,5565,Central & Eastern Europe
5201,Geneva,5200,Switzerland
5202,Zurich,5200,Switzerland
5091,Cyprus,5150,Mediterranean Europe
5626,Abruzzo,5155,Italy
5722,Aosta Valley,5155,Italy
5720,Basilicata,5155,Italy
5513,Calabria,5155,Italy
5160,Naples,5504,Campania
5771,Salerno & Amalfi Coast,5504,Campania
5508,Emilia-Romagna,5155,Italy
5717,Friuli-Venezia Giulia,5155,Italy
5162,Rome,5505,Lazio
5158,Genoa,5511,Liguria
5159,Milan,5503,Lombardy
5716,Marche,5155,Italy
5721,Molise,5155,Italy
5164,Turin,5507,Piedmont
5156,Bari,5509,Puglia
5512,Sardinia,5155,Italy
5161,Palermo,5163,Sicily
5718,Trentino-Alto Adige,5155,Italy
5157,Florence,5510,Tuscany
5719,Umbria,5155,Italy
5165,Venice,5506,Veneto
5166,Malta,5150,Mediterranean Europe
5586,Monaco,5150,Mediterranean Europe
5773,Azores & Madeira,5167,Portugal
5168,Lisbon,5167,Portugal
5772,Porto,5167,Portugal
5587,San Marino,5150,Mediterranean Europe
5616,Cádiz,5476,Andalucia
5174,Málaga,5476,Andalucia
5175,Seville,5476,Andalucia
5485,Aragon,5171,Spain
5487,Asturias,5171,Spain
5488,Balearic Islands,5171,Spain
5481,Basque Country,5171,Spain
5482,Canary Islands,5171,Spain
5770,Cantabria,5171,Spain
5480,Castile and León,5171,Spain
5483,Castile-La Mancha,5171,Spain
5172,Barcelona,5477,Catalonia
5486,Extremadura,5171,Spain
5479,Galicia,5171,Spain
5173,Madrid,5171,Spain
5484,Murcia,5171,Spain
5176,Valencia,5478,Valencian Community
5769,Vatican City,5150,Mediterranean Europe
5127,Copenhagen,5126,Denmark
5130,Helsinki,5129,Finland
5679,Greenland,5125,Nordic Countries
5131,Iceland,5125,Nordic Countries
5137,Oslo,5136,Norway
5139,Stockholm,5138,Sweden
5582,Albania,5567,Southeastern Europe
5151,Bosnia and Herzegovina,5567,Southeastern Europe
5107,Bulgaria,5567,Southeastern Europe
5152,Croatia,5567,Southeastern Europe
5831,Aegean Islands,5153,Greece
5154,Athens,5153,Greece
5825,Crete,5153,Greece
5767,Kosovo,5567,Southeastern Europe
5768,Montenegro,5567,Southeastern Europe
5584,Republic of Macedonia,5567,Southeastern Europe
5119,Bucharest,5118,Romania
5169,Serbia,5567,Southeastern Europe
5583,Andorra,5177,Western Europe
5181,Brussels,5180,Belgium
5196,Luxembourg,5534,Benelux
5198,Amsterdam,5197,Netherlands
5199,Rotterdam,5197,Netherlands
5680,Auvergne,5533,Central France
5681,Centre,5533,Central France
5682,Limousin,5533,Central France
5610,Strasbourg,5683,Alsace
5684,Burgundy,5531,East France
5685,Champagne-Ardenne,5531,East France
5686,Franche-Comté,5531,East France
5687,Lorraine,5531,East France
5608,French Overseas (DOM-TOM),5182,France
5688,Lower Normandy,5532,North France
5611,Lille,5690,Nord-Pas-de-Calais
5691,Picardy,5532,North France
5689,Upper Normandy,5532,North France
5617,Corsica,5528,South East France
5184,Marseille,5692,Provence-Alpes-Côte d'Azur
5185,Nice,5692,Provence-Alpes-Côte d'Azur
5183,Lyon,5693,Rhône-Alpes
5613,Bordeaux,5694,Aquitaine
5612,Montpellier,5695,Languedoc-Roussillon
5187,Toulouse,5696,Midi-Pyrénées
5614,Rennes,5697,Brittany
5609,Nantes,5698,Pays de la Loire
5699,Poitou-Charentes,5530,West France
5186,Paris,5529,Île-de-France
5133,Dublin,5132,Ireland
5447,East Midlands,5440,England
5446,East of England,5440,England
5147,London (UK),5440,England
5451,North East England,5440,England
5146,Liverpool,5450,North West England
5148,Manchester,5450,North West England
5444,South East England,5440,England
5142,Bristol,5445,South West England
5141,Birmingham (UK),5448,West Midlands
5145,Leeds-Bradford,5449,Yorkshire
5149,Sheffield,5449,Yorkshire
5443,Northern Ireland,5140,United Kingdom
5143,Edinburgh,5441,Scotland
5144,Glasgow,5441,Scotland
5442,Wales,5140,United Kingdom
5550,Antigua & Barbuda,5204,Caribbean
5569,"Aruba, Bonaire & Curaçao",5204,Caribbean
5360,Bahamas,5204,Caribbean
5559,Barbados,5204,Caribbean
5570,Cayman Islands,5204,Caribbean
5205,Cuba,5204,Caribbean
5560,Dominica,5204,Caribbean
5206,Dominican Republic,5204,Caribbean
5561,Grenada,5204,Caribbean
5700,Guadeloupe,5204,Caribbean
5562,Haiti,5204,Caribbean
5439,Jamaica,5204,Caribbean
5701,Martinique,5204,Caribbean
5207,Puerto Rico,5204,Caribbean
5563,Saint Kitts & Nevis,5204,Caribbean
5564,Saint Lucia,5204,Caribbean
5572,Saint Vincent & Grenadines,5204,Caribbean
5573,Trinidad & Tobago,5204,Caribbean
5571,Virgin Islands,5204,Caribbean
5549,Belize,5208,Central America
5209,Costa Rica,5208,Central America
5548,El Salvador,5208,Central America
5547,Guatemala,5208,Central America
5546,Honduras,5208,Central America
5813,Los Cabos,5792,Baja California
5214,Tijuana,5792,Baja California
5814,Cuernavaca (Morelos),5797,Central Mexico
5801,Guanajuato,5797,Central Mexico
5212,Mexico City,5797,Central Mexico
5798,Mexico State,5797,Central Mexico
5800,Puebla,5797,Central Mexico
5799,Veracruz,5797,Central Mexico
5795,Chihuahua,5793,Northern Mexico
5213,Monterrey,5794,Nuevo León
5796,Tamaulipas,5793,Northern Mexico
5806,Chiapas,5802,Pacific Coast (Mexico)
5815,Acapulco,5803,Guerrero
5211,Guadalajara,5805,Jalisco
5816,Puerto Vallarta,5805,Jalisco
5807,Michoacán,5802,Pacific Coast (Mexico)
5804,Oaxaca,5802,Pacific Coast (Mexico)
5808,Sinaloa,5802,Pacific Coast (Mexico)
5819,Cancún & Riviera Maya,5817,Quintana Roo
5820,Mérida,5818,Yucatán
5545,Nicaragua,5208,Central America
5215,Panama,5208,Central America
5218,Buenos Aires,5217,Argentina
5540,Bolivia,5216,South America
5221,Brasilia,5526,Central West Brazil
5774,Goiás,5526,Central West Brazil
5786,Mato Grosso,5526,Central West Brazil
5787,Mato Grosso do Sul,5526,Central West Brazil
5788,Amazonas,5522,North Brazil
5789,Pará,5522,North Brazil
5790,Rondônia,5522,North Brazil
5791,Tocantins,5522,North Brazil
5778,Alagoas,5523,Northeast Brazil
5226,Salvador,5631,Bahia
5222,Fortaleza,5779,Ceará
5780,Maranhão,5523,Northeast Brazil
5781,Paraíba,5523,Northeast Brazil
5224,Recife,5782,Pernambuco
5783,Piauí,5523,Northeast Brazil
5784,Rio Grande do Norte,5523,Northeast Brazil
5785,Sergipe,5523,Northeast Brazil
5627,Paraná,5524,South Brazil
5223,Porto Alegre,5630,Rio Grande do Sul
5629,Santa Catarina,5524,South Brazil
5777,Espirito Santo,5525,Southeast Brazil
5220,Belo Horizonte,5632,Minas Gerais
5225,Rio de Janeiro,5525,Southeast Brazil
5227,São Paulo,5525,Southeast Brazil
5229,Santiago,5228,Chile
5231,Bogota,5230,Colombia
5832,Galapagos Islands,5536,Ecuador
5833,Quito,5536,Ecuador
5544,French Guiana,5216,South America
5543,Guyana,5216,South America
5541,Paraguay,5216,South America
5233,Lima,5232,Peru
5542,Suriname,5216,South America
5234,Uruguay,5216,South America
5236,Caracas,5235,Venezuela
5588,Middle East,5000,World Localities
5354,Bermuda,5237,North America
5596,New Brunswick,5239,Atlantic Provinces
5598,Newfoundland & Labrador,5239,Atlantic Provinces
5240,Halifax,5597,Nova Scotia
5599,Prince Edward Island,5239,Atlantic Provinces
5242,Vancouver,5241,British Columbia
5243,Victoria (BC),5241,British Columbia
5245,Calgary,5600,Alberta
5246,Edmonton,5600,Alberta
5247,Winnipeg,5602,Manitoba
5601,Saskatchewan,5244,Canadian Prairies
5248,Northern Territories,5238,Canada
5253,Greater Toronto,5249,Ontario
5250,Hamilton-Niagara Peninsula,5249,Ontario
5252,Ottawa-Gatineau,5249,Ontario
5251,Southwestern Ontario,5249,Ontario
5255,Montreal,5254,Quebec
5256,Quebec City,5254,Quebec
5258,Alaska,5257,USA
5669,California Central Coast,5259,California
5474,Lake Tahoe,5259,California
5263,Sacramento Valley,5259,California
5265,San Francisco Bay Area,5259,California
5260,San Joaquin Valley,5259,California
5266,Silicon Valley,5259,California
5262,Inland Empire,5535,Southern California
5261,Los Angeles,5535,Southern California
5475,Orange County (CA),5535,Southern California
5264,San Diego,5535,Southern California
5642,Deltona-Daytona Beach,5624,Central Florida
5270,Greater Orlando,5624,Central Florida
5271,Tampa Bay Area,5624,Central Florida
5824,Tallahassee,5622,Florida Panhandle
5268,Jacksonville,5623,North Florida
5822,Florida Keys,5638,Southern Florida
5823,Fort Myers-Cape Coral,5638,Southern Florida
5641,Broward-Fort Lauderdale,5625,South Florida Metro
5269,Miami-Dade,5625,South Florida Metro
5272,West Palm Beach-Boca Raton,5625,South Florida Metro
5462,Kansas,5273,Great Plains (USA)
5470,Nebraska,5273,Great Plains (USA)
5471,North Dakota,5273,Great Plains (USA)
5274,Oklahoma City,5426,Oklahoma
5275,Tulsa,5426,Oklahoma
5472,South Dakota,5273,Great Plains (USA)
5828,Big Island (Hawaii),5276,Hawaii
5829,Kauai,5276,Hawaii
5827,Maui,5276,Hawaii
5826,Oahu,5276,Hawaii
5463,Delaware,5277,Mid-Atlantic (USA)
5279,Baltimore Metro,5427,Maryland
5411,New Jersey,5277,Mid-Atlantic (USA)
5278,Albany-Capital District,5409,New York State
5280,Buffalo-Niagara Falls,5409,New York State
5282,New York City,5409,New York State
5285,Rochester-Finger Lakes,5409,New York State
5281,Harrisburg-South Central PA,5410,Pennsylvania
5283,Philadelphia,5410,Pennsylvania
5284,Pittsburgh,5410,Pennsylvania
5286,Washington DC,5277,Mid-Atlantic (USA)
5288,Chicago,5428,Illinois
5294,Indianapolis,5429,Indiana
5458,Iowa,5287,Midwest (USA)
5292,Detroit,5413,Michigan
5293,Grand Rapids-West Michigan,5413,Michigan
5297,Minneapolis-Saint Paul,5431,Minnesota
5298,Greater St. Louis,5414,Missouri
5295,Kansas City,5414,Missouri
5289,Cincinnati,5412,Ohio
5291,Columbus (OH),5412,Ohio
5290,Greater Cleveland,5412,Ohio
5296,Milwaukee,5430,Wisconsin
5301,Greater Hartford,5423,Connecticut
5670,New Haven,5423,Connecticut
5459,Maine,5299,New England
5300,Boston Metro,5424,Massachusetts
5461,New Hampshire,5299,New England
5302,Providence,5425,Rhode Island
5460,Vermont,5299,New England
5304,Portland (OR),5433,Oregon
5305,Seattle-Tacoma,5432,Washington State
5307,Denver,5434,Colorado
5466,Idaho,5306,Rocky Mountains
5465,Montana,5306,Rocky Mountains
5464,Wyoming,5306,Rocky Mountains
5311,Birmingham (AL),5422,Alabama
5467,Arkansas,5308,South (USA)
5309,Atlanta,5420,Georgia (USA)
5315,Louisville,5421,Kentucky
5310,Baton Rouge,5417,Louisiana
5318,New Orleans,5417,Louisiana
5469,Mississippi,5308,South (USA)
5312,Charlotte Metro,5416,North Carolina
5313,Piedmont Triad,5416,North Carolina
5320,Raleigh-Durham,5416,North Carolina
5618,Greater Charleston (SC),5418,South Carolina
5821,Myrtle Beach & Grand Strand,5418,South Carolina
5314,Upstate South Carolina,5418,South Carolina
5316,Memphis,5419,Tennessee
5317,Nashville,5419,Tennessee
5321,Richmond-Petersburg,5415,Virginia
5319,Virginia Beach-Hampton Roads,5415,Virginia
5468,West Virginia,5308,South (USA)
5325,Phoenix,5435,Arizona
5328,Tucson,5435,Arizona
5324,Las Vegas,5436,Nevada
5326,Reno-Sparks,5436,Nevada
5323,Albuquerque-Santa Fe,5438,New Mexico
5327,Salt Lake City,5437,Utah
5330,Austin-Round Rock,5329,Texas
5331,Dallas-Fort Worth,5329,Texas
5332,El Paso,5329,Texas
5333,Houston,5329,Texas
5334,San Antonio,5329,Texas
5339,Canberra,5452,New South Wales
5342,Newcastle (AU),5452,New South Wales
5344,Sydney,5452,New South Wales
5457,Northern Territory,5336,Australia
5338,Brisbane,5453,Queensland
5357,Cairns,5453,Queensland
5340,Gold Coast,5453,Queensland
5337,Adelaide,5456,South Australia
5356,Tasmania,5336,Australia
5341,Melbourne,5454,Victoria (AU)
5343,Perth,5455,Western Australia
5351,Auckland,5350,New Zealand
5359,Christchurch,5350,New Zealand
5358,Wellington,5350,New Zealand
5346,Fiji,5345,Melanesia
5347,Papua New Guinea,5345,Melanesia
5349,Guam,5348,Micronesia
5568,Tahiti & Bora Bora,5352,Polynesia
5353,Polar Regions,5000,World Localities
